price,bedrooms,bathrooms,sqft_living,sqft_lot,floors,waterfront,view,condition,sqft_above,sqft_basement,yr_built,yr_renovated,street,city,statezip,classes
379500.0,2.0,1.0,1640,17335,1.0,0,0,3,840,800,1978,0,3301-3389 289th Ave NE,Redmond,WA 98053,high
408900.0,3.0,1.75,2930,19876,1.0,0,0,3,2030,900,1993,0,12542 NE 160th Pl,Woodinville,WA 98072,high
880000.0,6.0,2.5,2640,3680,2.0,0,0,5,1760,880,1922,1956,3008 38th Ave SW,Seattle,WA 98126,high
554729.0,4.0,2.5,2020,4350,2.0,0,0,5,1730,290,1943,0,4109 W Bertona St,Seattle,WA 98199,high
820000.0,4.0,2.5,3170,8523,2.0,0,0,3,3170,0,2008,0,9401 117th Ave NE,Kirkland,WA 98033,high
395000.0,3.0,1.75,1480,7700,1.0,0,0,3,1480,0,1975,0,13547 104th Pl NE,Kirkland,WA 98034,high
620000.0,4.0,3.0,2130,6325,1.0,0,0,5,1440,690,1948,1985,4002 50th Ave SW,Seattle,WA 98116,high
284000.0,4.0,2.5,2000,5390,2.0,0,0,3,2000,0,2003,0,25434 160th Ave SE,Kent,WA 98042,low
404000.0,3.0,1.5,2030,8880,1.0,0,0,3,1330,700,1963,2008,4915 17th Ave S,Seattle,WA 98108,high
384950.0,3.0,2.5,1860,3690,2.0,0,0,3,1860,0,2000,0,7556 NE 203rd St,Kenmore,WA 98028,high
1710000.0,5.0,4.5,4590,14685,2.0,0,0,3,4590,0,2009,0,6402-6412 105th Ave NE,Kirkland,WA 98033,high
950100.0,4.0,2.5,3160,13194,2.0,0,0,5,3160,0,1965,0,6135 79th Ave SE,Mercer Island,WA 98040,high
745641.0,4.0,2.5,2440,4850,2.0,0,0,3,2440,0,2013,1923,11631 170th Ct NE,Redmond,WA 98052,high
470000.0,4.0,2.5,2310,14023,2.0,0,0,3,2310,0,1991,0,14923 280th Pl NE,Duvall,WA 98019,high
386000.0,3.0,1.5,1270,1318,2.0,0,0,3,1080,190,2004,2003,3613 Gilman Ave W,Seattle,WA 98199,high
580379.0,4.0,2.75,2240,27820,1.5,0,0,4,2240,0,1976,1992,21404 SE 19th St,Sammamish,WA 98075,high
268000.0,3.0,2.5,1650,6684,2.0,0,0,3,1650,0,1991,0,11813 SE 219th Pl,Kent,WA 98031,low
224000.0,3.0,1.75,1500,11968,1.0,0,0,3,1500,0,2014,0,32428-32598 5th Ave,Black Diamond,WA 98010,low
623000.0,3.0,2.5,1850,7777,2.0,0,0,5,1850,0,1989,0,12833 NE 101st Pl,Kirkland,WA 98033,high
1042031.0,4.0,5.0,4110,43560,2.0,0,0,4,4110,0,1978,2000,2808 120th Ave NE,Bellevue,WA 98005,high
366500.0,4.0,2.75,2070,9300,1.0,0,0,5,1120,950,1945,0,15511 9th Ave NE,Shoreline,WA 98155,high
427000.0,2.0,1.0,920,3780,1.0,0,0,3,920,0,1910,2006,807 N 42nd St,Seattle,WA 98103,high
390000.0,4.0,2.5,2340,8548,2.0,0,0,3,2340,0,1993,0,11824 SE 203rd St,Kent,WA 98031,high
536000.0,4.0,2.25,1990,5948,2.0,0,0,3,1990,0,1991,0,4002 258th Way SE,Issaquah,WA 98029,high
261350.0,3.0,1.75,1390,18200,1.0,0,0,4,1390,0,1962,0,157 SW 313th St,Federal Way,WA 98023,low
750000.0,4.0,2.75,2600,4674,1.0,0,0,3,1560,1040,1976,0,6820 39th Ave NE,Seattle,WA 98115,high
457500.0,3.0,2.25,1430,2003,2.0,0,0,3,980,450,1996,0,1362 31st Ave S,Seattle,WA 98144,high
175000.0,3.0,1.0,1010,7034,1.0,0,0,3,1010,0,1954,2005,207 NW 5th St,Renton,WA 98057,low
269950.0,4.0,2.5,2540,8400,2.0,0,0,5,2540,0,1977,0,25209 45th Ave S,Kent,WA 98032,low
334000.0,4.0,1.5,1150,9360,1.5,0,0,3,1150,0,1970,2014,13260 126 Ct NE,Kirkland,WA 98034,low
300000.0,4.0,3.0,2200,10800,1.0,0,0,3,2200,0,1960,2012,17237 129th Ave SE,Renton,WA 98058,low
442000.0,4.0,2.25,2080,12007,1.0,0,0,4,1220,860,1979,0,1740 216th Pl NE,Sammamish,WA 98074,high
320000.0,3.0,2.5,2680,7757,2.0,0,0,3,2680,0,1990,2009,833 SW 346th St,Federal Way,WA 98023,low
619500.0,3.0,2.5,1700,4105,2.0,0,0,3,1700,0,1992,0,3113 E Cherry St,Seattle,WA 98122,high
360000.0,4.0,1.5,1720,6417,1.0,0,0,3,1720,0,1953,0,13505 16th Ave NE,Seattle,WA 98125,high
1210000.0,4.0,2.75,3650,6982,2.0,0,2,4,2530,1120,1951,2003,4911 NE 65th St,Seattle,WA 98115,high
249950.0,2.0,1.0,940,8532,1.0,0,0,4,940,0,1959,0,628 SW 136th St,Burien,WA 98166,low
170000.0,2.0,1.0,1500,18540,1.0,0,0,3,1500,0,1950,2005,14426-14598 42nd Ave S,Tukwila,WA 98168,low
580000.0,4.0,1.75,1720,6975,1.0,0,0,3,1420,300,1975,0,4528 165th Ave NE,Redmond,WA 98052,high
1440000.0,3.0,3.5,3870,3819,2.0,0,0,3,2760,1110,2002,0,2720 Boyer Ave E,Seattle,WA 98102,high
235867.0,4.0,2.0,1330,5926,1.0,0,0,4,1330,0,1942,1982,2109 NE 8th St,Renton,WA 98056,low
2300000.0,4.0,3.25,4250,8570,2.0,0,0,3,4250,0,2004,2003,511 98th Ave NE,Bellevue,WA 98004,high
876650.0,3.0,3.25,2170,12508,1.5,0,0,5,1650,520,1928,1970,4436-4446 W Mercer Way,Mercer Island,WA 98040,high
669000.0,2.0,1.75,1950,10766,1.0,0,3,4,1160,790,1952,0,3533 SW 171st St,Burien,WA 98166,high
310000.0,3.0,1.5,1460,9908,1.0,0,0,3,1460,0,1952,2008,19539 4th Ave S,Des Moines,WA 98148,low
213400.0,3.0,1.5,1150,8686,1.0,0,0,4,1150,0,1963,0,11002 SE 180th St,Renton,WA 98055,low
820000.0,3.0,2.25,2880,9750,2.0,0,0,3,2880,0,1989,0,16614 SE 50th Pl,Bellevue,WA 98006,high
352000.0,4.0,1.0,1530,8890,1.0,0,0,3,980,550,1925,2002,7940 12th Ave SW,Seattle,WA 98106,high
285500.0,4.0,1.75,1960,7950,1.0,0,0,4,1960,0,1967,0,32500-32514 35th Ave SW,Federal Way,WA 98023,low
235000.0,3.0,1.0,1250,15603,1.0,0,0,4,1250,0,1959,0,12522 SE 105th St,Renton,WA 98056,low
366000.0,3.0,1.75,1510,8301,1.0,0,0,3,1510,0,1967,2011,8835 NE 138th St,Kirkland,WA 98034,high
300000.0,4.0,2.5,2070,7476,2.0,0,0,3,2070,0,2003,0,11366 SE 298th Pl,Auburn,WA 98092,low
380000.0,2.0,1.0,1210,4800,1.0,0,0,3,1060,150,1950,2005,4532 13th Ave S,Seattle,WA 98108,high
430000.0,3.0,2.0,1360,5120,1.5,0,0,4,910,450,1924,0,4822 48th Ave SW,Seattle,WA 98116,high
400000.0,3.0,2.5,2970,23100,1.0,0,0,3,1510,1460,1967,2011,15351 NE 202nd St,Woodinville,WA 98072,high
599000.0,5.0,2.75,2730,22572,1.0,0,0,3,2080,650,1968,1992,22631 SE 18th Pl,Sammamish,WA 98075,high
600000.0,3.0,2.25,1480,5400,2.0,0,0,4,1480,0,1914,1945,816 Martin Luther King Jr Way,Seattle,WA 98122,high
542500.0,5.0,3.25,3010,1074218,1.5,0,0,5,2010,1000,1931,0,16200-16398 252nd Ave SE,Issaquah,WA 98027,high
604700.0,4.0,2.75,2750,14982,1.0,0,3,3,1720,1030,1981,2013,27318 10th Pl S,Des Moines,WA 98198,high
282000.0,4.0,2.0,1890,6302,2.0,0,0,3,1890,0,1997,0,10125 SE 242nd Pl,Kent,WA 98030,low
274950.0,3.0,1.0,1450,8820,1.0,0,0,3,1050,400,1958,2004,5619 S 149th St,Tukwila,WA 98168,low
399950.0,3.0,2.5,2570,10431,2.0,0,0,3,2570,0,1989,0,9531 S 204th Pl,Kent,WA 98031,high
129000.0,1.0,1.0,650,15364,1.0,0,0,4,650,0,1967,0,13712 SE 256th Pl,Kent,WA 98042,low
255000.0,2.0,1.0,810,7980,1.0,0,0,1,810,0,1928,0,12727 2nd Ave SW,Seattle,WA 98146,low
232000.0,2.0,1.0,1200,8063,1.0,0,0,4,1200,0,1958,1972,20220 8th Ave S,Des Moines,WA 98198,low
870000.0,4.0,2.5,3520,6773,2.5,0,0,3,2650,870,2006,0,7921 45th Ave SW,Seattle,WA 98136,high
230000.0,2.0,1.0,930,7550,1.0,0,0,3,930,0,1986,0,13008 23rd Ave S,SeaTac,WA 98168,low
270000.0,3.0,1.0,1500,13500,1.0,0,0,4,1500,0,1968,0,20147 SE 152nd St,Renton,WA 98059,low
259000.0,3.0,2.0,1870,5909,1.0,0,0,3,1270,600,1986,0,11834 SE 263rd Ct,Kent,WA 98030,low
260000.0,3.0,1.75,1440,12888,1.0,0,2,3,1090,350,1958,2004,14710 57th Ave S,Tukwila,WA 98168,low
203000.0,3.0,1.0,1150,7156,1.0,0,0,4,1150,0,1953,1983,1226 S 130th Pl,Burien,WA 98168,low
641633.333333,3.0,2.5,2480,5137,2.0,0,0,3,2480,0,2000,0,13202 NE 92nd Way,Redmond,WA 98052,high
548800.0,4.0,1.0,1660,4704,1.5,0,0,3,1260,400,1930,1997,8612 8th Ave NE,Seattle,WA 98115,high
497000.0,3.0,2.25,1630,3817,2.0,0,0,3,1630,0,2005,0,1981 24th Ave NE,Issaquah,WA 98029,high
355300.0,3.0,2.5,1620,7410,1.0,0,0,5,1620,0,1955,0,19584-19766 Meridian Ave N,Shoreline,WA 98133,high
725000.0,4.0,2.5,2490,5170,2.0,0,0,4,2490,0,2000,0,13321 NE 92nd Way,Redmond,WA 98052,high
400000.0,4.0,3.5,2370,3692,2.5,0,0,3,2370,0,2013,1923,3704 NE 14th St,Renton,WA 98056,high
498500.0,5.0,2.75,2990,7420,2.0,0,0,3,2990,0,1996,0,4304 NE 7th St,Renton,WA 98059,high
239950.0,3.0,1.75,1670,6900,1.0,0,0,3,1170,500,1978,0,33838 37th Ave SW,Federal Way,WA 98023,low
270000.0,2.0,1.5,840,867,2.0,0,0,3,840,0,2005,0,9122 23rd Ave NE,Seattle,WA 98115,low
370000.0,2.0,1.0,860,6050,1.0,0,0,3,860,0,1952,2008,3818 53rd Ave SW,Seattle,WA 98116,high
470000.0,3.0,1.5,1510,8000,1.0,0,0,4,1510,0,1956,0,2559 155th Ave SE,Bellevue,WA 98007,high
310000.0,3.0,1.75,2070,37904,1.0,0,0,4,1420,650,1973,0,19654 116th Ave SE,Kent,WA 98031,low
560000.0,3.0,2.0,2560,216777,1.0,0,0,3,2560,0,1986,0,19211 SE 342nd St,Auburn,WA 98092,high
440000.0,2.0,1.5,1010,1968,1.5,0,0,5,1010,0,1906,0,6411 22nd Ave NW,Seattle,WA 98107,high
615000.0,3.0,1.75,1720,4080,1.0,0,0,4,960,760,1924,0,3219 37th Pl S,Seattle,WA 98144,high
355000.0,3.0,2.5,2110,4038,2.0,0,0,4,2110,0,1989,0,23884 140th Ln SE,Kent,WA 98042,high
255000.0,3.0,2.5,1720,6194,2.0,0,0,3,1720,0,1998,2006,5130 Francis Ct SE,Auburn,WA 98092,low
308000.0,3.0,1.0,1640,18144,1.5,0,0,3,1640,0,1942,1999,11211 3rd Ave S,Seattle,WA 98168,low
585000.0,3.0,2.5,2270,100545,2.0,0,0,3,2270,0,1998,2006,10613 SW 138th St,Vashon,WA 98070,high
390000.0,3.0,2.0,1463,868,3.0,0,0,3,1463,0,2003,0,7538 Roosevelt Way NE,Seattle,WA 98115,high
1010000.0,4.0,2.5,3760,29224,2.0,0,0,3,3760,0,1987,2000,15736 NE 134th St,Redmond,WA 98052,high
275000.0,3.0,1.75,1860,15681,1.0,0,0,4,1860,0,1971,0,304 SW 316th St,Federal Way,WA 98023,low
475000.0,3.0,2.25,1820,8008,1.0,0,0,3,1240,580,1981,2013,17202 NE 134th Pl,Redmond,WA 98052,high
364900.0,3.0,3.0,2500,8304,2.0,0,0,3,2500,0,1997,0,13124 SE 223rd Ct,Kent,WA 98031,high
1200000.0,4.0,2.0,2120,3360,2.0,0,0,3,2120,0,1905,2010,420 17th Ave E,Seattle,WA 98112,high
267000.0,3.0,1.0,1400,8100,1.5,0,0,3,1400,0,1944,0,11520 36th Ave NE,Seattle,WA 98125,low
336900.0,3.0,1.75,1780,120661,1.0,0,0,4,1780,0,1979,0,33030 NE 201st St,Duvall,WA 98019,low
240000.0,3.0,2.0,1400,6200,1.0,0,0,3,700,700,1948,1994,1610 N 185th St,Shoreline,WA 98133,low
544500.0,4.0,2.5,2230,10414,1.0,0,0,5,1450,780,1974,0,3022 254th Ave SE,Issaquah,WA 98075,high
423050.925926,2.0,1.0,890,4590,1.0,0,0,3,890,0,1923,1998,332 NW 84th St,Seattle,WA 98117,high
425000.0,3.0,1.5,1300,19163,1.0,0,0,3,1300,0,1964,2000,14011 NE 71st Pl,Redmond,WA 98052,high
195000.0,3.0,1.75,1380,7350,1.0,0,0,3,990,390,1981,2013,18600-18698 SE 259th Pl,Covington,WA 98042,low
279000.0,5.0,2.5,2690,5557,2.0,0,0,3,2690,0,2012,1912,6421 S 124th St,Seattle,WA 98178,low
488000.0,5.0,2.0,2020,5000,1.5,0,0,4,2020,0,1938,0,9020-9024 11th Ave NW,Seattle,WA 98117,high
350000.0,4.0,3.0,2560,5606,2.0,0,0,3,2560,0,2004,2003,12251 SE 306th Ct,Auburn,WA 98092,low
410000.0,6.0,2.75,2520,9324,1.0,0,0,4,1320,1200,1962,0,3306 NE 185th St,Lake Forest Park,WA 98155,high
665000.0,3.0,2.5,2190,10370,2.0,0,0,3,2190,0,1987,2000,1345 232nd Pl NE,Sammamish,WA 98074,high
355000.0,2.0,1.0,1240,27042,1.0,0,1,3,1000,240,1943,2002,11516 103rd Ave SW,Vashon,WA 98070,high
925000.0,4.0,2.5,3280,209088,2.0,0,0,3,3280,0,1994,0,5310 236th Ave NE,Redmond,WA 98053,high
337000.0,3.0,2.25,1460,941,3.0,0,0,3,1460,0,2006,0,11707 Greenwood Ave N,Seattle,WA 98133,low
192000.0,2.0,1.0,700,10540,1.0,0,0,3,700,0,1953,0,124 SW 185th St,Normandy Park,WA 98166,low
485000.0,3.0,2.25,2440,47916,2.0,0,0,3,2090,350,1991,0,3036 E Ames Lake Dr NE,Redmond,WA 98053,high
210000.0,3.0,2.5,1040,2643,2.0,0,0,3,720,320,2004,2003,5145 S Roxbury St,Seattle,WA 98118,low
519995.0,4.0,3.0,2590,6160,2.0,0,0,3,2590,0,2014,0,14012 163rd Pl SE,Renton,WA 98059,high
300000.0,2.0,1.0,750,5120,1.0,0,0,4,750,0,1941,1998,7920 34th Ave SW,Seattle,WA 98126,low
580000.0,4.0,2.5,2220,7064,2.0,0,0,3,2220,0,1988,2000,4055 238th Pl SE,Issaquah,WA 98029,high
412000.0,2.0,1.0,1260,3960,1.0,0,0,3,690,570,1925,2002,8329 27th Ave NW,Seattle,WA 98117,high
254000.0,3.0,1.5,1770,17208,1.0,0,0,3,1160,610,1959,1989,16726 SE 45th St,Bellevue,WA 98006,low
259500.0,3.0,1.75,1650,12349,1.0,0,0,3,1650,0,1957,2000,4104 S 179th St,SeaTac,WA 98188,low
645000.0,4.0,2.5,2430,14400,1.0,0,0,5,1670,760,1963,0,15048 NE 11th Pl,Bellevue,WA 98007,high
960000.0,5.0,4.0,3720,15200,2.0,0,0,3,3720,0,2005,0,1414 235th Pl SE,Sammamish,WA 98075,high
205425.0,2.0,1.75,880,6780,1.0,0,0,4,880,0,1945,0,11440 69th Pl S,Seattle,WA 98178,low
315000.0,3.0,1.0,1160,9180,1.0,0,0,3,1160,0,1968,1997,15804 198th Pl NE,Woodinville,WA 98077,low
809950.0,4.0,2.0,2230,9900,1.5,0,0,5,2230,0,1959,0,12519 SE 15th St,Bellevue,WA 98005,high
375000.0,2.0,1.0,1230,1820,2.0,0,0,4,830,400,1948,0,3257 NW Market St,Seattle,WA 98107,high
252500.0,3.0,2.0,1900,8002,1.0,0,0,3,1900,0,1991,0,1209 SW 347th Pl,Federal Way,WA 98023,low
145000.0,3.0,1.0,1010,5490,1.0,0,0,3,1010,0,1954,2005,14056 31st Ave S,SeaTac,WA 98168,low
530000.0,3.0,1.75,1250,6041,1.5,0,0,5,1250,0,1942,0,2202 NE 83rd St,Seattle,WA 98115,high
925000.0,5.0,5.5,5190,12637,2.0,0,2,3,5190,0,2001,0,6525 Cascade Ave SE,Snoqualmie,WA 98065,high
482000.0,3.0,2.25,1710,21485,2.0,0,0,3,1710,0,1989,0,1022 215th Ave NE,Sammamish,WA 98074,high
1300000.0,4.0,4.0,4270,6002,2.0,0,3,3,3180,1090,2004,2003,1645 30th Ave NE,Issaquah,WA 98029,high
585000.0,3.0,2.5,1910,1501,2.5,0,0,3,1530,380,2007,0,2637 22nd Ave W,Seattle,WA 98199,high
231000.0,4.0,2.0,1530,6375,2.0,0,0,3,1530,0,1942,1983,14904 133rd Ave SE,Renton,WA 98058,low
215000.0,3.0,1.0,1200,7280,1.0,0,0,4,1200,0,1967,0,4503 S 256th St,Kent,WA 98032,low
930000.0,4.0,2.5,2200,4000,2.0,0,0,5,1430,770,1908,0,2418 10th Ave W,Seattle,WA 98119,high
420000.0,3.0,2.0,1200,5029,1.0,0,0,3,880,320,1937,1999,3049 NE 90th St,Seattle,WA 98115,high
710000.0,3.0,3.5,2440,3427,2.0,0,0,3,1990,450,2000,0,2469 132nd Ave SE,Bellevue,WA 98005,high
554000.0,4.0,1.0,1120,7104,1.5,0,0,3,1120,0,1946,0,1212 NW 105th St,Seattle,WA 98177,high
968000.0,6.0,2.75,3610,17580,1.0,0,4,5,2070,1540,1959,0,20303 SE 40th St,Sammamish,WA 98075,high
270000.0,3.0,1.75,1390,10905,1.0,0,0,3,860,530,1957,2000,5601-5605 21st Ave SW,Seattle,WA 98106,low
240000.0,2.0,1.75,1330,7200,1.0,0,0,3,1330,0,1993,0,17451 42nd Ln S,SeaTac,WA 98188,low
503000.0,2.0,1.75,2860,59612,1.0,1,4,3,1510,1350,1948,2003,4338 SW 307th St,Federal Way,WA 98023,high
512031.0,3.0,1.75,1540,3000,1.0,0,2,3,770,770,1920,1979,6528 3rd Ave NW,Seattle,WA 98117,high
498000.0,4.0,2.75,2270,7375,1.0,0,0,4,1290,980,1973,0,12901 NE 136th St,Kirkland,WA 98034,high
691000.0,4.0,2.75,2550,8632,1.0,0,0,3,1700,850,1972,2002,4118 107th Pl NE,Kirkland,WA 98033,high
540500.0,5.0,3.75,3090,7415,2.0,0,0,3,3090,0,2014,0,493 S 187th Ln,Burien,WA 98148,high
957000.0,5.0,3.25,3160,5000,2.0,0,2,3,2180,980,2005,0,3700 W Fulton St,Seattle,WA 98199,high
640000.0,4.0,2.0,1520,6200,1.5,0,0,3,1520,0,1945,2010,6811 55th Ave NE,Seattle,WA 98115,high
575000.0,4.0,2.5,2120,9603,2.0,0,0,3,2120,0,1985,0,460 Indigo Pl NW,Issaquah,WA 98027,high
350000.0,4.0,2.5,2040,22653,2.0,0,0,3,2040,0,2011,0,2471 S 116th Way,Seattle,WA 98168,low
804995.0,5.0,1.5,3360,5402,2.0,0,0,3,3360,0,2014,0,21481 SE 2nd Pl,Sammamish,WA 98074,high
650000.0,4.0,3.0,3720,57499,1.0,0,0,3,1880,1840,2003,0,4316 331st Ave NE,Carnation,WA 98014,high
210000.0,4.0,1.5,1920,10403,1.0,0,0,3,1370,550,1959,1989,2352 SW 338th St,Federal Way,WA 98023,low
312500.0,2.0,1.5,1070,1200,2.0,0,0,3,1070,0,1999,0,9404 Linden Ave N,Seattle,WA 98103,low
494000.0,4.0,2.5,1830,7345,1.0,0,0,4,1540,290,1973,0,1220 NW 199th Pl,Shoreline,WA 98177,high
1385000.0,6.0,2.75,5700,20000,1.0,0,4,4,2850,2850,1977,0,4600-4748 136th Ave SE,Bellevue,WA 98006,high
1170000.0,4.0,2.5,2570,6251,2.0,0,0,3,2570,0,2000,0,1915 107th Ave SE,Bellevue,WA 98004,high
452000.0,4.0,1.0,1210,3760,1.5,0,0,3,1210,0,1900,2005,1106 N 80th St,Seattle,WA 98103,high
635000.0,4.0,2.5,3080,35430,2.0,0,0,3,3080,0,1997,0,9788-16090 NE Quail Creek Dr,Redmond,WA 98053,high
1150000.0,3.0,2.5,3830,48743,2.0,0,0,3,3830,0,1991,0,16123 SE 44th Way,Bellevue,WA 98006,high
385000.0,3.0,2.25,1710,11500,1.0,0,0,3,1210,500,1978,0,19215 58th Ave NE,Kenmore,WA 98028,high
420000.0,4.0,2.5,3040,24123,2.0,0,0,3,3040,0,1999,0,4620 Kennedy Ave SE,Auburn,WA 98092,high
390000.0,3.0,3.25,1370,913,2.0,0,0,3,1100,270,2006,0,4438 44th Ave SW,Seattle,WA 98116,high
451000.0,4.0,2.5,1670,3315,2.0,0,0,3,1670,0,2005,0,2319 NE Marion Ln,Issaquah,WA 98029,high
815000.0,4.0,2.5,3150,4203,2.0,0,0,3,3150,0,2002,0,9714 132nd Ave NE,Kirkland,WA 98033,high
339950.0,3.0,2.5,2390,34041,1.0,0,0,3,1840,550,1984,0,27622 195th Ave SE,Kent,WA 98042,low
741500.0,2.0,2.5,2150,5760,1.0,0,0,3,2150,0,2010,0,12468 240th Pl NE,Redmond,WA 98053,high
489000.0,4.0,2.0,2120,11479,1.0,0,0,4,1060,1060,1940,2001,10822-10830 24th Ave NE,Seattle,WA 98125,high
455000.0,3.0,1.75,1420,1189,3.0,0,0,3,1420,0,2006,0,514 N 46th St,Seattle,WA 98103,high
540000.0,4.0,4.25,1960,3565,2.0,0,0,3,1960,0,1940,2003,2113 41st Ave SW,Seattle,WA 98116,high
457000.0,3.0,2.5,1220,1330,2.0,0,0,3,1010,210,2008,0,8354 11th Ave NW,Seattle,WA 98117,high
240000.0,4.0,1.0,1910,16320,1.5,0,0,3,1910,0,1934,1978,9817 26th Ave SW,Seattle,WA 98106,low
289659.0,4.0,2.25,2260,7200,2.0,0,0,4,2260,0,1984,0,21114-21120 119th Ave SE,Kent,WA 98031,low
355000.0,2.0,2.25,1330,10838,2.0,0,0,3,1330,0,1985,0,19228 73rd Ave NE,Kenmore,WA 98028,high
360000.0,2.0,0.75,850,7710,1.0,0,2,5,550,300,1909,1988,2458 S Ferdinand St,Seattle,WA 98108,high
715000.0,4.0,2.5,3290,6628,2.0,0,0,3,3290,0,2003,0,918 272nd Pl SE,Sammamish,WA 98075,high
765000.0,4.0,4.0,3010,7221,2.0,0,0,3,3010,0,2004,2003,2828 277th Terrace SE,Sammamish,WA 98075,high
526000.0,3.0,1.75,1680,3420,1.0,0,0,3,960,720,1992,0,7717 35th Ave NE,Seattle,WA 98115,high
1990000.0,5.0,3.0,4480,5000,2.5,0,0,5,3420,1060,1902,0,923 14th Ave E,Seattle,WA 98112,high
378000.0,5.0,2.5,2760,8015,1.0,0,0,4,1600,1160,1960,2001,13327 30th Ave NE,Seattle,WA 98125,high
193000.0,3.0,1.5,1180,9048,1.0,0,0,3,1180,0,1960,2012,454 S 190th St,Burien,WA 98148,low
190000.0,3.0,1.0,910,10575,1.0,0,0,4,910,0,1968,0,2536 S 365th Pl,Federal Way,WA 98003,low
391000.0,3.0,2.25,1410,1290,2.0,0,0,3,1290,120,2004,2003,2134 NW Boulder Way Dr,Issaquah,WA 98027,high
435000.0,3.0,1.75,1500,8173,1.0,0,0,3,1500,0,1997,0,8528 NE 142nd St,Kirkland,WA 98034,high
930000.0,3.0,3.25,2640,4080,2.0,0,0,3,1840,800,1912,2000,4714 Thackeray Pl NE,Seattle,WA 98105,high
328211.90476199996,4.0,2.5,1720,9600,1.0,0,0,3,1120,600,1961,2004,1915 Ginko St SE,Auburn,WA 98092,low
383000.0,3.0,1.0,1800,5612,1.0,0,0,4,1200,600,1942,1982,8639 36th Ave SW,Seattle,WA 98126,high
792500.0,4.0,2.5,4290,175421,2.0,0,0,3,4290,0,2004,2003,26735 SE 271st St,Ravensdale,WA 98051,high
1000000.0,5.0,4.25,3920,16258,2.0,0,0,3,2900,1020,1990,2009,2548 111th Ave SE,Bellevue,WA 98004,high
1688000.0,4.0,2.5,3000,7500,2.0,0,0,3,3000,0,1937,1994,3907 48th Ave NE,Seattle,WA 98105,high
335000.0,4.0,2.5,2610,4781,2.0,0,0,3,2610,0,2009,0,37540 32nd Pl S,Auburn,WA 98001,low
568500.0,3.0,2.75,2180,7519,1.0,0,0,4,1310,870,1981,0,10629 161st Avenue Northeast,Redmond,WA 98052,high
302000.0,4.0,1.75,2020,7865,1.0,0,0,4,1010,1010,1963,0,1001 Whitman Ct NE,Renton,WA 98059,low
679000.0,4.0,2.75,2100,4480,1.5,0,0,4,1780,320,1928,0,5519 31st Ave NE,Seattle,WA 98105,high
445000.0,2.0,1.0,1440,3225,1.0,0,0,3,960,480,1915,0,1608 N 50th St,Seattle,WA 98103,high
535000.0,2.0,1.0,1040,5527,1.0,0,0,3,1040,0,1951,1994,6559 42nd Ave NE,Seattle,WA 98115,high
450000.0,3.0,1.5,2330,11740,1.0,0,0,3,1330,1000,1954,2005,16359 35th Ave NE,Lake Forest Park,WA 98155,high
1051000.0,4.0,3.75,3860,5474,2.5,0,0,3,3860,0,2007,0,2603 NE Davis Loop,Issaquah,WA 98029,high
2075000.0,4.0,3.5,4230,20377,2.0,0,0,3,4230,0,1997,0,1646 100th Pl SE,Bellevue,WA 98004,high
671000.0,4.0,3.0,3130,5700,1.5,0,0,3,1750,1380,1953,0,4222 NE 72nd St,Seattle,WA 98115,high
550000.0,4.0,2.5,2170,9600,1.0,0,0,3,1460,710,1980,0,8520 169th Ct NE,Redmond,WA 98052,high
405000.0,3.0,1.5,1880,7400,1.0,0,0,3,1480,400,1968,1997,5471 NE 200th Pl,Lake Forest Park,WA 98155,high
345000.0,2.0,1.5,1180,844,2.0,0,0,3,990,190,2005,0,323 25th Ave S,Seattle,WA 98144,low
685000.0,4.0,2.5,3030,7864,2.0,0,0,3,3030,0,1999,0,24201 SE 1st Pl,Sammamish,WA 98074,high
250000.0,2.0,1.5,1088,1360,2.0,0,0,3,1088,0,1983,2009,9603 NE 121st Ln,Kirkland,WA 98034,low
1250000.0,5.0,3.25,3160,13238,2.0,0,0,5,3160,0,1972,0,7325 86th Ave SE,Mercer Island,WA 98040,high
312900.0,4.0,2.5,1630,4473,2.0,0,0,3,1630,0,2003,0,24506 SE 276th Ct,Maple Valley,WA 98038,low
875000.0,5.0,3.5,3840,8279,2.0,0,0,3,3840,0,2001,0,21033 SE 5th St,Sammamish,WA 98074,high
620000.0,3.0,2.5,2480,9041,2.0,0,0,3,2480,0,2004,2003,8719 228th Way NE,Redmond,WA 98053,high
210000.0,5.0,2.0,2050,10200,1.0,0,0,3,1430,620,1956,2001,20927-20999 2nd Ave S,Des Moines,WA 98198,low
385000.0,3.0,1.75,2310,11200,1.0,0,0,4,1630,680,1978,2000,26525 Woodland Way S,Kent,WA 98030,high
314950.0,3.0,1.0,1040,16986,1.0,0,0,4,1040,0,1968,0,18227 SE 135th St,Renton,WA 98059,low
321000.0,4.0,2.5,1830,9601,2.0,0,0,3,1830,0,2003,0,27619 245th Ave SE,Maple Valley,WA 98038,low
285000.0,2.0,1.0,910,8155,1.0,0,0,4,910,0,1948,0,15322 26th Ave NE,Shoreline,WA 98155,low
433111.11111099995,3.0,2.25,1370,1524,3.0,0,0,3,1370,0,2005,0,902 N 95th St,Seattle,WA 98103,high
403500.0,3.0,1.0,1830,8004,1.0,0,0,3,1200,630,1960,2012,13337 30th Ave NE,Seattle,WA 98125,high
360000.0,3.0,1.75,1500,7200,1.0,0,0,3,1500,0,1957,2000,20015 Burke Ave N,Shoreline,WA 98133,high
475000.0,3.0,2.5,950,1110,2.0,0,0,3,950,0,2003,0,419 Federal Ave E,Seattle,WA 98102,high
302000.0,5.0,2.25,2180,7813,2.0,0,0,3,2180,0,1986,0,26405 218th Ave SE,Maple Valley,WA 98038,low
547500.0,3.0,3.5,1650,2262,3.0,0,0,3,1650,0,2010,0,769 N 74th St,Seattle,WA 98103,high
585000.0,5.0,1.75,2000,3750,2.0,0,0,4,2000,0,1921,0,309 N 46th St,Seattle,WA 98103,high
1150000.0,6.0,4.5,6040,219542,2.0,0,0,3,4100,1940,1996,0,4616 252nd Ave SE,Issaquah,WA 98029,high
305000.0,2.0,1.5,1140,2980,2.0,0,0,3,1140,0,1988,2000,4150 244th Pl SE,Issaquah,WA 98029,low
545000.0,5.0,2.5,2730,17240,1.0,0,0,5,1660,1070,1958,0,18718 56th Ave NE,Kenmore,WA 98028,high
525000.0,3.0,2.0,1540,7800,1.0,0,0,3,1540,0,2004,2003,10340 38th Ave NE,Seattle,WA 98125,high
333000.0,4.0,2.5,1910,9244,1.0,0,0,4,1910,0,1963,0,5811 NE 6th St,Renton,WA 98059,low
415000.0,3.0,2.25,1620,998,2.5,0,0,3,1540,80,2010,0,935 4th Ave NE,Issaquah,WA 98029,high
810000.0,4.0,1.75,2000,3988,1.0,0,4,4,1000,1000,1958,1972,1322 Alki Ave SW,Seattle,WA 98116,high
639000.0,4.0,2.5,2150,12028,2.0,0,0,4,2150,0,1982,2011,13615 179th Ave NE,Redmond,WA 98052,high
315000.0,4.0,2.5,1940,10200,1.0,0,0,4,1140,800,1977,0,20825 135th Ave SE,Kent,WA 98042,low
437000.0,2.0,1.75,1440,4225,1.0,0,0,3,1440,0,2005,0,23047 NE 130th St,Redmond,WA 98053,high
409500.0,4.0,2.75,2140,13000,1.0,0,0,3,1320,820,1968,1997,19302 65th Pl NE,Kenmore,WA 98028,high
340000.0,3.0,1.75,2190,12626,2.0,0,0,4,2190,0,1978,2000,14000 SE 241st St,Kent,WA 98042,low
920000.0,4.0,3.5,4080,10666,2.0,0,0,3,4080,0,2005,0,8950 237th Pl NE,Redmond,WA 98053,high
502000.0,6.0,2.5,2890,8122,1.0,0,0,3,1630,1260,1977,2004,2413 171 Ave SE,Bellevue,WA 98008,high
330000.0,3.0,2.5,1450,5008,1.0,0,0,3,840,610,2007,0,6544 18th Ave SW,Seattle,WA 98106,low
2453500.0,4.0,3.5,4730,13586,1.5,0,0,5,4270,460,1935,0,1404 Broadmoor Dr E,Seattle,WA 98112,high
472000.0,3.0,2.5,1180,1262,3.0,0,0,3,1180,0,2010,0,2050 14th Ave W,Seattle,WA 98119,high
2475000.0,3.0,3.25,4340,4947,2.0,0,3,3,3060,1280,1993,0,5719 Seaview Ave NW,Seattle,WA 98107,high
342500.0,3.0,2.0,2080,11375,1.0,0,0,3,2080,0,2002,0,3322 261st Pl SE,Enumclaw,WA 98022,low
275000.0,4.0,2.0,2030,8426,2.0,0,0,3,2030,0,1944,0,3515 S 137th St,Tukwila,WA 98168,low
653000.0,3.0,2.5,2680,9750,1.0,0,0,4,1610,1070,1979,0,8236 NE 115th Way,Kirkland,WA 98034,high
255000.0,3.0,1.0,960,8100,1.0,0,0,3,960,0,1955,2005,20234 20th Ave NE,Shoreline,WA 98155,low
650000.0,4.0,2.25,2560,9731,2.0,0,0,4,2560,0,1973,0,7014 NE 139th St,Kirkland,WA 98034,high
465000.0,4.0,1.75,1470,5350,1.0,0,0,3,980,490,1955,2005,10424 12th Ave NE,Seattle,WA 98125,high
440000.0,4.0,2.5,2250,7526,2.0,0,0,3,2250,0,1989,0,5120 NE 23rd St,Renton,WA 98059,high
270000.0,4.0,2.5,1660,8063,1.0,0,0,4,1660,0,1978,2000,25139 11th Ave S,Des Moines,WA 98198,low
458000.0,3.0,2.5,1870,5013,2.0,0,0,3,1870,0,2003,0,8927 NE 176th St,Bothell,WA 98011,high
690000.0,4.0,2.5,2670,13463,2.0,0,0,4,2670,0,1989,0,24127 SE 45th Pl,Issaquah,WA 98029,high
580000.0,3.0,2.5,2200,11000,2.0,0,2,3,2200,0,1978,0,1430-1920 W Lake Sammamish Pkwy SE,Bellevue,WA 98008,high
170000.0,2.0,1.0,1200,24792,2.0,0,0,2,1200,0,1976,0,3009 W Ames Lake Dr NE,Redmond,WA 98053,low
675000.0,3.0,3.0,2980,28000,1.0,0,0,3,1820,1160,1981,2013,15017-15023 NE 144th St,Redmond,WA 98052,high
542000.0,4.0,1.75,1900,8250,1.0,0,0,4,950,950,1955,2009,3810 145th Ave SE,Bellevue,WA 98006,high
308900.0,3.0,2.5,2250,7294,2.0,0,0,3,2250,0,1994,0,5006 Highland Dr SE,Auburn,WA 98092,low
276000.0,3.0,1.0,1140,5000,1.0,0,0,3,1140,0,1960,2012,5403 23rd Ave SW,Seattle,WA 98106,low
2250000.0,5.0,4.25,4860,9453,1.5,0,1,5,3100,1760,1905,0,173 37th Ave E,Seattle,WA 98112,high
491950.0,3.0,2.25,2090,10733,1.0,0,0,3,1440,650,1958,2004,4401 NE 95th St,Seattle,WA 98115,high
268000.0,4.0,2.0,1930,6600,1.0,0,0,4,1030,900,1967,0,13436 Occidental Ave S,Burien,WA 98168,low
549000.0,4.0,2.25,2740,88426,2.0,0,0,3,2740,0,1991,0,14324 250th Pl SE,Issaquah,WA 98027,high
358000.0,3.0,1.5,2450,12497,1.0,0,0,4,2450,0,1967,0,7670 10th Ave NW,Snoqualmie,WA 98065,high
890000.0,4.0,4.25,4420,5750,2.0,0,0,3,3410,1010,2006,0,842 Summerhill Ridge Dr NW,Issaquah,WA 98027,high
753888.0,4.0,2.5,2660,5500,2.0,0,2,3,2660,0,2003,0,1669 28th Ave NE,Issaquah,WA 98029,high
940000.0,4.0,2.25,1890,5940,1.0,0,1,3,1470,420,1963,2008,1234 22nd Ave E,Seattle,WA 98112,high
1130000.0,4.0,3.25,3810,8519,1.0,0,1,3,2680,1130,2007,0,10022 NE 110th St,Kirkland,WA 98033,high
233500.0,3.0,2.25,1650,2958,2.0,0,0,3,1650,0,1985,0,23441 130th Ave SE,Kent,WA 98031,low
280000.0,3.0,2.5,1270,9675,2.0,0,0,3,1270,0,1993,0,44633 SE 151st St,North Bend,WA 98045,low
755000.0,4.0,2.5,2120,10202,1.0,0,0,4,1620,500,1960,2001,12645 SE 27th St,Bellevue,WA 98005,high
777000.0,3.0,3.25,3610,59677,2.0,0,0,3,2440,1170,2003,0,18913 SE 63rd Pl,Issaquah,WA 98027,high
445000.0,4.0,2.0,1650,6000,1.0,0,0,5,1000,650,1959,0,2211 20th Ave S,Seattle,WA 98144,high
241000.0,3.0,2.0,1770,7000,1.0,0,0,3,1770,0,1986,0,30027 58th Pl S,Auburn,WA 98001,low
287500.0,4.0,2.5,2570,9000,1.0,0,0,4,1590,980,1979,0,33749 29th Ct SW,Federal Way,WA 98023,low
435000.0,3.0,2.25,1890,7200,1.0,0,0,4,1230,660,1973,0,1021 NE 120th St,Seattle,WA 98125,high
256500.0,2.0,1.0,1120,9912,1.0,0,0,4,1120,0,1980,0,7615 SW 257th St,Vashon,WA 98070,low
809950.0,4.0,2.5,3280,6181,2.0,0,0,3,3280,0,2001,0,19199 NE 43rd Ct,Sammamish,WA 98074,high
740000.0,2.0,1.75,2080,4800,1.0,0,0,5,1080,1000,1923,0,333 NW 84th St,Seattle,WA 98117,high
510000.0,3.0,1.75,1480,7040,1.0,0,0,3,1480,0,1974,0,7517 128th Pl NE,Kirkland,WA 98033,high
446000.0,2.0,1.5,1370,1221,2.0,0,0,3,1080,290,2008,0,207 20th Ave,Seattle,WA 98122,high
250000.0,2.0,1.5,982,846,2.0,0,0,3,806,176,2006,0,10217 Aurora Ave N,Seattle,WA 98133,low
690000.0,3.0,1.5,1760,4000,2.0,0,0,3,1760,0,1922,2008,2314 10th Ave E,Seattle,WA 98102,high
349000.0,4.0,1.75,1700,7800,1.0,0,0,5,1120,580,1981,0,4518 SE 4th St,Renton,WA 98059,low
300000.0,4.0,2.5,2200,8065,2.0,0,0,3,2200,0,1998,2006,9526 S 221st Pl,Kent,WA 98031,low
760000.0,3.0,2.5,1980,13964,1.0,0,0,5,1980,0,1959,0,4201-4213 Island Crest Way,Mercer Island,WA 98040,high
150000.0,3.0,1.5,1230,8056,1.0,0,0,4,1230,0,1949,1985,1432 S 129th St,Burien,WA 98168,low
800000.0,4.0,3.75,2690,4000,2.0,0,3,4,2120,570,1909,1989,2537 11th Ave W,Seattle,WA 98119,high
471001.0,3.0,1.75,1800,6000,1.0,0,0,5,900,900,1905,0,719 N 80th St,Seattle,WA 98103,high
234950.0,3.0,1.0,1360,9948,1.0,0,0,3,1360,0,1977,2004,21612 SE 290th Ct,Black Diamond,WA 98010,low
640000.0,4.0,2.5,2341,9594,2.0,0,0,3,2341,0,1997,0,11001-11025 169th Pl NE,Redmond,WA 98052,high
322000.0,4.0,2.5,2280,7200,2.0,0,0,3,2280,0,1994,0,10012 SE 244th Ct,Kent,WA 98030,low
603500.0,4.0,2.5,4060,9734,1.0,0,4,3,2150,1910,1977,2004,19304 65th Ave NE,Kenmore,WA 98028,high
509900.0,3.0,2.5,1790,2700,2.0,0,0,3,1790,0,2010,0,4532 185th Ave SE,Issaquah,WA 98027,high
805000.0,4.0,2.75,2410,6000,1.0,0,0,5,1410,1000,1950,0,3210 NW 58th St,Seattle,WA 98107,high
800000.0,3.0,2.25,2380,11824,1.0,0,0,4,1450,930,1972,0,7234 91st Ave SE,Mercer Island,WA 98040,high
198000.0,4.0,1.75,2080,7200,1.0,0,0,4,1050,1030,1966,0,4114 S 294th St,Auburn,WA 98001,low
453000.0,4.0,2.75,2300,37533,1.0,0,3,5,1550,750,1979,0,7707 SW 259th St,Vashon,WA 98070,high
667781.25,5.0,2.75,3040,10257,2.0,0,0,3,3040,0,1993,0,5627 167th Pl SE,Bellevue,WA 98006,high
397500.0,3.0,2.0,1510,6710,1.0,0,0,3,1070,440,1972,2002,9325 NE 133rd St,Kirkland,WA 98034,high
1532500.0,5.0,4.5,4270,8076,2.0,0,0,3,3400,870,2007,0,11017 101st Pl NE,Kirkland,WA 98033,high
235000.0,3.0,1.75,1840,9697,1.0,0,0,4,1500,340,1985,0,12034 SE 252 Pl,Kent,WA 98030,low
579000.0,2.0,2.0,1870,6275,1.0,0,0,3,1870,0,2003,0,12524 231st Ave NE,Redmond,WA 98053,high
265000.0,3.0,1.0,1800,7650,1.0,0,0,5,1800,0,1957,0,600 Jefferson Ave NE,Renton,WA 98056,low
599000.0,4.0,2.5,2790,230868,2.0,0,0,3,2790,0,1989,0,18905 240th Ave NE,Woodinville,WA 98077,high
405000.0,2.0,1.0,910,6490,1.0,0,0,3,910,0,1942,1999,8221 21st Ave NE,Seattle,WA 98115,high
362300.0,3.0,2.5,2430,15264,2.0,0,0,3,2430,0,1997,0,9226 S 247th Pl,Kent,WA 98030,high
760000.0,4.0,2.5,2730,36183,2.0,0,0,3,2730,0,1986,0,11511 159th Ave NE,Redmond,WA 98052,high
555000.0,5.0,3.0,3640,6930,2.0,0,0,3,3640,0,2004,2003,24709 SE 278th St,Maple Valley,WA 98038,high
300000.0,3.0,2.25,1660,5128,2.0,0,0,3,1660,0,2001,0,278th Ave NE,Duvall,WA 98019,low
760000.0,4.0,1.75,2450,13300,1.0,0,2,4,1630,820,1987,0,5028 157th Ave SE,Bellevue,WA 98006,high
713250.0,3.0,2.0,2050,9000,1.0,0,0,4,2050,0,1951,1999,2416 70th Ave SE,Mercer Island,WA 98040,high
243000.0,3.0,1.75,1790,12000,1.0,0,0,3,1040,750,1960,2012,23042 16th Ave S,Des Moines,WA 98198,low
695000.0,4.0,2.5,2961,12146,2.0,0,0,3,2961,0,1998,2006,21548 SE 28th Ln,Sammamish,WA 98075,high
265000.0,2.0,1.0,1000,31505,1.0,0,0,3,1000,0,1960,2012,32823 NE 195th St,Duvall,WA 98019,low
1335000.0,5.0,2.25,4200,5800,2.5,0,0,4,2910,1290,1906,1990,1024 15th Ave E,Seattle,WA 98112,high
712000.0,4.0,2.5,3400,247421,2.0,0,0,3,3400,0,2001,0,27728 SE 268th St,Ravensdale,WA 98051,high
575000.0,4.0,1.75,1280,6060,1.0,0,0,3,860,420,1926,2003,7032 7th Ave NW,Seattle,WA 98117,high
660000.0,3.0,2.5,2450,4332,2.0,0,0,3,2450,0,2010,0,10741 242nd Pl NE,Redmond,WA 98053,high
700000.0,3.0,2.75,2500,7378,1.0,0,0,5,1390,1110,1948,1985,10050 11th Ave NW,Seattle,WA 98177,high
575000.0,4.0,2.75,3120,7644,2.0,0,0,3,3120,0,2010,0,9423 Ash Ave SE,Snoqualmie,WA 98065,high
845000.0,3.0,2.0,2540,4750,1.5,0,0,5,1840,700,1930,0,7524 34th Ave NW,Seattle,WA 98117,high
1925000.0,5.0,4.25,4830,8050,2.5,0,2,4,3710,1120,1914,1945,2653 Cascadia Ave S,Seattle,WA 98144,high
185000.0,4.0,1.0,1490,6600,1.0,0,0,3,1490,0,1969,2010,13248 Occidental Ave S,Burien,WA 98168,low
270000.0,4.0,2.25,2600,9900,1.0,0,0,3,1600,1000,1965,1993,7703 S 128th St,Seattle,WA 98178,low
506000.0,2.0,1.0,1570,8210,1.0,0,0,4,1150,420,1952,0,12723 11th Ave NW,Seattle,WA 98177,high
940000.0,4.0,2.75,2080,4000,1.5,0,0,3,2080,0,1912,2000,6042 Sycamore Ave NW,Seattle,WA 98107,high
330000.0,3.0,1.75,1430,8865,1.0,0,0,3,1430,0,1950,2005,2704 NE 144th St,Seattle,WA 98125,low
750500.0,5.0,3.0,2170,2440,1.5,0,0,4,1450,720,1911,1966,1006 NE Ravenna Blvd,Seattle,WA 98105,high
585000.0,3.0,1.75,1850,7735,1.0,0,0,4,1850,0,1983,0,4640 193rd Ave SE,Issaquah,WA 98027,high
229629.5,2.0,1.0,1100,8281,1.0,0,0,4,1100,0,1947,1988,1206 NE 155th St,Shoreline,WA 98155,low
612500.0,4.0,2.0,2060,5000,1.0,0,0,3,1030,1030,1949,2013,1708 NW 96th St,Seattle,WA 98117,high
350000.0,2.0,2.5,1260,1347,3.0,0,0,3,1260,0,2005,0,9553 Interlake Ave N,Seattle,WA 98103,low
349900.0,3.0,2.5,2200,7278,2.0,0,0,3,2200,0,1990,2009,15637 156th Pl SE,Renton,WA 98058,low
192500.0,2.0,1.0,950,7692,1.0,0,0,3,950,0,1926,2003,12516 Military Rd S,Seattle,WA 98168,low
560000.0,3.0,2.25,2070,15002,1.5,0,0,3,2070,0,1955,2013,5121 NE 187th St,Lake Forest Park,WA 98155,high
335000.0,4.0,2.75,2540,7210,1.0,0,0,4,1600,940,1979,0,15901-15999 131st Pl SE,Renton,WA 98058,low
321500.0,1.0,1.0,730,1942,1.0,0,0,3,730,0,2008,0,924 26th Ave S,Seattle,WA 98144,low
899000.0,3.0,1.0,1480,6978,2.0,0,0,4,1480,0,1949,1985,4432 92nd Ave NE,Yarrow Point,WA 98004,high
415500.0,4.0,2.5,1750,4779,2.0,0,0,3,1750,0,2009,0,8019 NE 183rd St,Kenmore,WA 98028,high
615000.0,4.0,2.5,2150,9070,2.0,0,0,4,2150,0,1985,0,14151 174th Pl NE,Redmond,WA 98052,high
249000.0,3.0,2.25,1440,7673,1.0,0,0,3,940,500,1982,0,22119 123rd Ave SE,Kent,WA 98031,low
299950.0,4.0,1.75,1560,31299,1.0,0,0,4,1560,0,1965,0,13228 SE 294th Pl,Auburn,WA 98092,low
190000.0,1.0,0.75,930,29258,1.0,0,0,3,930,0,1941,1994,7650 S 134th St,Seattle,WA 98178,low
500000.0,2.0,1.0,1010,3885,1.5,0,0,4,1010,0,1906,1990,331 22nd Ave E,Seattle,WA 98112,high
465000.0,3.0,1.75,1410,6886,1.0,0,0,3,1410,0,1924,2013,12215 Dayton Ave N,Seattle,WA 98133,high
825000.0,4.0,2.5,2810,9800,1.0,0,0,4,1710,1100,1973,0,14312 SE 45th St,Bellevue,WA 98006,high
406500.0,2.0,1.0,870,5750,1.0,0,0,4,870,0,1947,1988,4437 49th Ave SW,Seattle,WA 98116,high
549000.0,4.0,2.5,2910,6338,2.0,0,0,3,2910,0,2008,0,16026 SE 137th Terrace,Renton,WA 98059,high
174950.0,3.0,1.0,1060,5200,1.0,0,0,5,1060,0,1970,0,26635 Timberlane Dr SE,Covington,WA 98042,low
1256500.0,4.0,2.5,3150,13700,2.0,0,0,4,3150,0,1966,0,8551 SE 80th St,Mercer Island,WA 98040,high
458000.0,4.0,1.5,1550,3000,1.5,0,0,3,1350,200,1918,0,4402 4th Ave NE,Seattle,WA 98105,high
555000.0,4.0,2.5,3310,6500,2.0,0,0,3,3310,0,2012,1912,35229 SE Terrace St,Snoqualmie,WA 98065,high
790000.0,5.0,3.25,2900,12160,1.0,0,0,4,1890,1010,1967,0,465 129th Pl NE,Bellevue,WA 98005,high
408000.0,3.0,2.25,1950,7221,1.0,0,0,4,1950,0,2006,0,3742 S 192nd St,SeaTac,WA 98188,high
328000.0,3.0,1.75,1440,45302,2.0,0,0,3,1440,0,1977,2004,31720 NE 123rd St,Duvall,WA 98019,low
450000.0,3.0,1.0,1100,4600,1.0,0,0,3,1100,0,1917,2009,3920 42nd Ave SW,Seattle,WA 98116,high
430000.0,3.0,1.5,1810,5080,1.0,0,0,3,1030,780,1958,2004,7321 39th Ave NE,Seattle,WA 98115,high
660000.0,3.0,2.0,2570,28500,1.0,0,0,3,1970,600,1983,2009,15031 NE 144th St,Redmond,WA 98052,high
433000.0,3.0,1.75,1870,7189,1.0,0,0,3,1270,600,1959,1989,6811 51st Ave S,Seattle,WA 98118,high
465000.0,3.0,2.25,2670,7500,1.0,0,0,4,1640,1030,1966,0,15800-15898 15th Ave SW,Burien,WA 98166,high
860000.0,4.0,2.75,3160,8097,2.0,0,0,3,3160,0,2014,0,13009 NE 74th St,Kirkland,WA 98033,high
440000.0,2.0,1.0,800,4850,1.0,0,0,4,800,0,1944,0,4801-4899 6th Ave NW,Seattle,WA 98107,high
1200000.0,4.0,1.75,3990,13470,2.0,0,0,3,3990,0,2006,0,15527 SE 79th Pl,Newcastle,WA 98059,high
284950.0,3.0,1.0,990,10723,1.0,0,0,5,990,0,1960,0,12654 156th Ave SE,Renton,WA 98059,low
689000.0,3.0,1.75,2200,9840,1.0,0,0,5,1500,700,1978,0,15222 SE 48th Dr,Bellevue,WA 98006,high
515000.0,5.0,3.25,2740,9629,1.0,0,0,5,1390,1350,1977,0,10723 NE 189th St,Bothell,WA 98011,high
565000.0,2.0,1.75,1670,4008,1.0,0,0,3,1670,0,2005,0,2146 NE Nelson Ln,Issaquah,WA 98029,high
223000.0,3.0,1.75,1340,7473,1.0,0,0,4,1340,0,1973,0,16 R Pl NE,Auburn,WA 98002,low
236000.0,4.0,2.75,2000,5827,2.0,0,0,3,2000,0,1997,0,26546 236th Pl SE,Maple Valley,WA 98038,low
850000.0,4.0,3.25,4350,112750,1.0,0,0,3,2200,2150,2006,0,6407 282nd Ave SE,Issaquah,WA 98027,high
100000.0,2.0,1.0,930,7623,1.0,0,0,2,930,0,1942,0,1038 SW 152nd St,Burien,WA 98166,low
397000.0,4.0,2.0,1440,7680,1.0,0,0,3,1200,240,1971,0,10601 NE 138th Pl,Kirkland,WA 98034,high
124740.0,3.0,1.0,1340,15600,1.0,0,0,4,1340,0,1978,2000,31118 149th Ave SE,Kent,WA 98042,low
1150000.0,4.0,4.0,4460,103382,2.0,0,0,3,4460,0,2001,0,25823 NE 30th Ct,Redmond,WA 98053,high
670000.0,3.0,2.5,2700,1438,2.0,0,0,3,1280,1420,2003,0,746 Boylston Ave E,Seattle,WA 98102,high
171000.0,4.0,2.0,1520,19672,1.0,0,0,3,1020,500,1920,1979,15014 42nd Ave S,Tukwila,WA 98188,low
350000.0,3.0,2.25,1640,7200,2.0,0,0,4,1640,0,1985,0,1755 140th Ct SE,Bellevue,WA 98007,low
455600.0,3.0,2.5,2420,8252,2.0,0,0,3,2420,0,1998,2006,7000 Autumn Ave SE,Snoqualmie,WA 98065,high
505000.0,2.0,2.25,1060,1209,2.0,0,0,3,940,120,2006,0,2000 Yale Ave E,Seattle,WA 98102,high
795000.0,3.0,2.0,2420,17859,1.0,0,1,5,1500,920,1979,0,7215 NE 119th Pl,Kirkland,WA 98034,high
653000.0,3.0,2.5,2290,3475,2.0,0,0,3,2290,0,2006,0,2172 NE Noble St,Issaquah,WA 98029,high
410000.0,3.0,1.0,1410,5060,1.0,0,0,4,910,500,1956,0,10711 Ashworth Ave N,Seattle,WA 98133,high
440000.0,4.0,2.25,2160,8119,1.0,0,0,3,1080,1080,1966,1913,12211 SE 65th St,Bellevue,WA 98006,high
690000.0,5.0,3.5,2720,7598,2.0,0,0,3,1860,860,1993,0,8921 42nd Ave NE,Seattle,WA 98115,high
850000.0,5.0,3.5,3450,28324,1.0,0,0,5,2350,1100,1972,0,11010 108th Ave NE,Kirkland,WA 98033,high
375000.0,4.0,2.5,2210,9427,2.0,0,0,3,2210,0,1999,0,475 S 190th St,Burien,WA 98148,high
650000.0,3.0,1.5,2160,9000,1.0,0,2,4,1400,760,1949,1985,13026 10th Ave NW,Seattle,WA 98177,high
555000.0,4.0,2.25,2350,8140,1.0,0,0,4,1430,920,1977,0,15800 SE 50th St,Bellevue,WA 98006,high
770000.0,3.0,2.25,2910,10204,2.0,0,0,3,2910,0,1990,2009,18322 NE 99th Way,Redmond,WA 98052,high
749000.0,3.0,1.0,1580,5000,1.5,0,0,3,1580,0,1926,2003,7526 Jones Ave NW,Seattle,WA 98117,high
656500.0,4.0,2.0,2710,4750,1.0,0,0,4,1460,1250,1919,1985,6326 21st Ave NE,Seattle,WA 98115,high
576000.0,3.0,2.5,1940,9000,1.0,0,0,4,970,970,1948,0,8817 28th Ave NW,Seattle,WA 98117,high
235000.0,4.0,2.0,1570,9415,2.0,0,0,4,1570,0,1984,0,31845-31899 125th Pl SE,Auburn,WA 98092,low
376000.0,3.0,2.0,1340,1384,3.0,0,0,3,1340,0,2008,0,9245-9249 Fremont Ave N,Seattle,WA 98103,high
385500.0,3.0,2.0,1540,7947,1.0,0,0,3,1120,420,1961,2004,9215 NE 183rd St,Bothell,WA 98011,high
1965221.0,4.0,3.5,4370,8510,2.0,0,1,3,3610,760,2003,0,2523-2533 103rd Ave SE,Bellevue,WA 98004,high
312000.0,4.0,2.25,1930,7452,1.0,0,0,3,1430,500,1984,0,21423 114th Pl SE,Kent,WA 98031,low
425000.0,3.0,1.75,1680,3000,1.0,0,2,4,840,840,1900,1971,927 N 79th St,Seattle,WA 98103,high
950000.0,3.0,3.25,3050,18892,1.0,1,4,4,1650,1400,1962,0,554-598 S 239th St,Des Moines,WA 98198,high
409124.0,5.0,3.25,3320,11340,2.0,0,0,4,2480,840,1999,0,14014 SE 236th Pl,Kent,WA 98042,high
260000.0,2.0,1.0,700,4800,1.0,0,0,3,700,0,1922,2008,1518 25th Ave,Seattle,WA 98122,low
625000.0,4.0,2.5,2820,8408,2.0,0,0,3,2820,0,2014,0,17052 4th Ave NE,Shoreline,WA 98155,high
275000.0,3.0,1.0,1080,6000,1.0,0,0,4,1080,0,1952,0,2350 N 178th St,Shoreline,WA 98133,low
1216000.0,4.0,2.5,3190,8684,1.0,0,3,5,1680,1510,1967,0,4625 Somerset Dr SE,Bellevue,WA 98006,high
615000.0,4.0,1.75,2300,11700,1.0,0,0,4,1960,340,1977,0,18427 NE 26th Way,Redmond,WA 98052,high
1820000.0,4.0,4.5,6640,53330,2.0,0,0,3,6640,0,1993,0,21909 NE 141st St,Woodinville,WA 98077,high
913000.0,4.0,2.5,3640,10576,2.0,0,0,3,3640,0,1999,0,26966 SE 22nd Way,Sammamish,WA 98075,high
500000.0,4.0,3.0,3720,15048,3.0,0,0,3,3720,0,1979,2014,10218 147th Ave SE,Renton,WA 98059,high
723000.0,4.0,2.5,2700,4004,2.0,0,0,3,2700,0,2004,2003,2363 30th Ave NE,Issaquah,WA 98029,high
552000.0,3.0,1.0,1120,2300,1.0,0,0,4,820,300,1912,1989,7002 22nd Ave NW,Seattle,WA 98117,high
155000.0,2.0,1.0,700,5200,1.0,0,0,5,700,0,1952,1998,475-547 Monroe Ave NE,Renton,WA 98056,low
455000.0,4.0,2.5,3170,10688,2.0,0,2,3,3170,0,2001,0,1118 U St NW,Auburn,WA 98001,high
455000.0,4.0,2.25,1740,8449,1.0,0,0,4,1170,570,1958,1972,16204 SE 2nd St,Bellevue,WA 98008,high
1695000.0,2.0,2.25,3170,3000,2.0,0,2,5,1990,1180,1900,0,308 Prospect St,Seattle,WA 98109,high
366750.0,3.0,3.0,1571,2017,3.0,0,0,3,1571,0,2008,0,14359 19th Ave NE,Seattle,WA 98125,high
680000.0,3.0,2.25,2330,4000,1.5,0,2,5,1520,810,1927,0,6032 35th Ave NE,Seattle,WA 98115,high
1085000.0,5.0,2.5,2340,6000,2.0,0,0,4,2340,0,1922,0,3107 37th Pl S,Seattle,WA 98144,high
108333.33333299999,3.0,1.0,1200,9936,1.0,0,0,4,1200,0,1969,0,23414 SE 269th St,Maple Valley,WA 98038,low
525888.0,5.0,1.75,2550,71874,1.0,0,0,5,1810,740,1960,0,13129 195th Pl SE,Issaquah,WA 98027,high
220600.0,3.0,2.5,1490,8102,2.0,0,0,4,1490,0,1990,0,18717 SE 258th St,Covington,WA 98042,low
556000.0,3.0,3.0,1960,1168,2.0,0,0,3,1600,360,2007,0,1150 NE Park Dr,Issaquah,WA 98029,high
441000.0,2.0,1.5,1190,3400,1.0,0,0,3,990,200,1919,2001,6008 8th Ave NE,Seattle,WA 98115,high
491500.0,4.0,1.75,2190,125452,1.0,0,2,3,2190,0,1968,1997,36850 204th Ave SE,Auburn,WA 98092,high
770000.0,4.0,2.5,2350,8001,2.0,0,0,4,2350,0,1987,0,14019 SE 61st Pl,Bellevue,WA 98006,high
409316.0,3.0,2.5,1800,3168,2.0,0,0,3,1800,0,2014,0,7416 Better Way Loop SE,Snoqualmie,WA 98065,high
260000.0,3.0,1.5,1270,20700,1.0,0,0,2,1150,120,1948,0,3029 NE 178th St,Lake Forest Park,WA 98155,low
350000.0,3.0,2.5,2680,7836,2.0,0,0,3,2680,0,1990,2009,31456 117th Pl SE,Auburn,WA 98092,low
540000.0,3.0,2.75,2750,18029,1.0,0,2,5,1810,940,1978,0,4708 154th Pl SE,Bellevue,WA 98006,high
575000.0,3.0,2.25,1700,3333,1.5,0,0,3,1100,600,1924,2011,6720 4th Ave NW,Seattle,WA 98117,high
245000.0,2.0,1.0,870,6150,1.0,0,0,3,870,0,1941,1994,8627 9th Ave SW,Seattle,WA 98106,low
712000.0,3.0,2.75,3200,6699,2.0,0,0,3,3200,0,2004,2003,26008 SE 23rd Pl,Sammamish,WA 98075,high
580000.0,5.0,2.0,1940,6000,1.0,0,0,5,970,970,1945,0,8026 38th Ave NE,Seattle,WA 98115,high
736000.0,4.0,2.5,2290,12047,2.0,0,0,4,2290,0,1988,0,17435 SE 47th St,Bellevue,WA 98006,high
399000.0,2.0,1.0,940,4800,1.0,0,0,4,940,0,1911,1955,3209 63rd Ave SW,Seattle,WA 98116,high
330000.0,3.0,2.5,2210,7557,2.0,0,0,3,2210,0,1989,0,32739 47th Ave SW,Federal Way,WA 98023,low
576000.0,4.0,2.5,2440,28405,2.0,0,0,3,2440,0,2002,0,15125 78th Ave NE,Kenmore,WA 98028,high
299995.0,3.0,2.5,1970,7500,2.0,0,0,3,1970,0,1988,2000,4809 Mill Pond Loop,Auburn,WA 98092,low
465000.0,3.0,2.25,1530,1245,2.0,0,0,3,1050,480,2014,0,2716 E Yesler Way,Seattle,WA 98122,high
755000.0,4.0,2.5,2660,10452,2.0,0,0,3,2660,0,1993,0,10805 177th Ct NE,Redmond,WA 98052,high
538250.0,3.0,2.25,2590,15229,2.0,0,3,3,2590,0,1984,0,23105 Marine View Dr S,Des Moines,WA 98198,high
495000.0,3.0,2.0,2950,12196,2.0,0,0,4,2310,640,1918,1974,2433 SW 149th St,Burien,WA 98166,high
650000.0,4.0,2.75,1910,16532,1.0,0,0,4,1420,490,1940,2001,9025 26th Ave NW,Seattle,WA 98117,high
295000.0,3.0,2.0,1380,8682,1.0,0,0,4,1380,0,1966,0,19807-19813 10th Pl S,Des Moines,WA 98148,low
288790.0,4.0,2.0,1350,942,3.0,0,0,3,1350,0,2008,0,916 4th Ave NE,Issaquah,WA 98029,low
485000.0,3.0,2.0,1420,4080,1.5,0,0,3,1420,0,1905,2013,720 N 80th St,Seattle,WA 98103,high
349000.0,3.0,1.75,1590,9620,1.0,0,0,3,1590,0,1988,2000,4924 SE 2nd Pl,Renton,WA 98059,low
875000.0,4.0,2.75,3790,10669,2.0,0,0,3,3790,0,1999,0,1223 269th Ave SE,Sammamish,WA 98075,high
195000.0,2.0,1.0,1190,27007,1.0,0,0,4,1190,0,1910,0,205 SW Gibson Ln,Issaquah,WA 98027,low
525000.0,3.0,2.5,1580,1161,2.0,0,0,3,1010,570,2008,0,213 26th Ave E,Seattle,WA 98112,high
863000.0,4.0,2.5,4120,22370,2.0,0,0,3,4120,0,1997,0,1571 237th Ct NE,Sammamish,WA 98074,high
440825.0,3.0,1.75,2150,4333,1.0,0,0,3,1200,950,1956,2001,4319 SW Brandon St,Seattle,WA 98136,high
90000.0,2.0,1.0,580,7500,1.0,0,0,3,580,0,1943,2002,6621 S 131st Pl,Seattle,WA 98178,low
530000.0,3.0,2.5,3660,39478,2.0,0,2,4,3260,400,1989,0,27699 SE 401st St,Enumclaw,WA 98022,high
430000.0,2.0,1.5,950,4625,1.0,0,0,4,950,0,1949,1985,8520 Interlake Ave N,Seattle,WA 98103,high
789500.0,4.0,2.5,3010,6100,2.0,0,0,3,3010,0,2005,0,6466 195th Pl NE,Redmond,WA 98052,high
327500.0,3.0,1.0,1070,7140,1.0,0,0,3,1070,0,1989,0,3510 S Holly St,Seattle,WA 98118,low
519000.0,2.0,1.0,830,2820,1.0,0,0,4,830,0,1920,0,8216 Linden Ave N,Seattle,WA 98103,high
1160000.0,4.0,3.5,4680,9700,2.0,0,0,3,3360,1320,2005,0,13128 SE Newport Way,Bellevue,WA 98006,high
345000.0,3.0,2.0,1610,15005,1.0,0,0,4,1610,0,1986,0,31907 NE 102nd Pl,Carnation,WA 98014,low
439500.0,3.0,2.5,2050,40003,1.0,0,0,4,1570,480,1977,0,14710 255th Ave SE,Issaquah,WA 98027,high
665900.0,4.0,2.25,2870,5453,2.0,0,1,4,2220,650,1926,1993,10030 44th Ave SW,Seattle,WA 98146,high
264950.0,4.0,2.25,1720,9753,1.0,0,0,4,1120,600,1978,2000,34434 30th Ave SW,Federal Way,WA 98023,low
755000.0,4.0,2.75,2880,4000,1.5,0,0,3,2100,780,1912,2000,2101 31st Ave S,Seattle,WA 98144,high
149000.0,3.0,1.0,1700,8645,1.0,0,0,3,1700,0,1955,2005,12701 2nd Ave SW,Seattle,WA 98146,low
214950.0,3.0,1.75,1570,4875,1.0,0,0,4,1310,260,1977,0,26712 186th Ave SE,Covington,WA 98042,low
1288333.3333299998,6.0,4.5,3830,4800,3.0,0,0,3,3050,780,1919,2004,2425 3rd Ave W,Seattle,WA 98119,high
229950.0,4.0,1.75,1300,21000,1.0,0,0,4,1300,0,1969,0,32838 38th Ave S,Federal Way,WA 98001,low
515500.0,4.0,2.5,2920,7700,2.0,0,0,3,2920,0,2003,0,14821 272nd Pl NE,Duvall,WA 98019,high
300000.0,2.0,1.0,1010,11919,1.0,0,0,3,1010,0,1947,2012,16036 6th Ave NE,Shoreline,WA 98155,low
435000.0,3.0,2.0,1980,2674,3.0,0,0,3,1980,0,2007,0,5451 Fauntleroy Way SW,Seattle,WA 98136,high
800000.0,2.0,2.25,1730,31491,2.0,1,2,4,1730,0,1947,1988,10060 SW Dock St,Vashon,WA 98070,high
156766.666667,2.0,1.0,1500,4120,1.5,0,0,3,880,620,1928,1954,220 Garden Ave N,Renton,WA 98057,low
310000.0,4.0,1.5,1220,9600,1.0,0,0,3,1220,0,1980,0,4201 Regal St,Carnation,WA 98014,low
425000.0,3.0,2.25,1790,10209,1.0,0,0,3,1290,500,1967,2011,16544 189th Ave NE,Woodinville,WA 98072,high
565000.0,4.0,2.5,2440,22594,2.0,0,0,3,2440,0,1996,0,2525 276th Ct NE,Redmond,WA 98053,high
466500.0,3.0,1.0,1430,3840,1.0,0,0,3,950,480,1945,2010,7550 19th Ave NW,Seattle,WA 98117,high
395000.0,3.0,1.5,1080,2940,1.5,0,0,4,1080,0,1920,0,7505 Ravenna Ave NE,Seattle,WA 98115,high
390000.0,3.0,1.0,1240,11108,1.0,0,0,4,1240,0,1952,0,1348 SW 175th St,Normandy Park,WA 98166,high
630000.0,4.0,2.5,2740,43101,2.0,0,0,3,2740,0,1993,0,18808 215th Way NE,Woodinville,WA 98077,high
400000.0,4.0,1.75,2670,189486,2.0,0,4,3,2670,0,1972,2002,38107 212th Ave SE,Auburn,WA 98092,high
3200000.0,7.0,4.5,6210,8856,2.5,0,2,5,4760,1450,1910,0,1230 Warren Ave N,Seattle,WA 98109,high
505000.0,3.0,2.5,2100,5824,2.0,0,2,3,2100,0,1999,0,7418 Dogwood Ln SE,Snoqualmie,WA 98065,high
687000.0,4.0,2.5,2370,10083,2.0,0,0,5,2370,0,1966,0,13010 NE 74th St,Kirkland,WA 98033,high
248000.0,4.0,3.5,1850,6519,2.0,0,0,3,1130,720,1986,0,1501-1515 SW 327th St,Federal Way,WA 98023,low
438000.0,2.0,1.0,980,1179,2.0,0,0,3,980,0,2010,0,2050 14th Ave W,Seattle,WA 98119,high
685000.0,3.0,3.25,2030,11070,2.0,0,0,4,2030,0,1980,0,16725 NE 42nd Ct,Redmond,WA 98052,high
120750.0,3.0,1.75,1140,9628,1.0,0,0,4,1140,0,1969,0,34403 30th Ave SW,Federal Way,WA 98023,low
480000.0,4.0,1.75,2220,6500,2.0,0,3,4,2220,0,1964,0,16905 33rd Ave SW,Burien,WA 98166,high
255000.0,4.0,2.0,2430,8960,1.0,0,0,3,1430,1000,1960,2012,8019 S 117th St,Seattle,WA 98178,low
529000.0,3.0,1.0,1210,3328,1.5,0,0,4,1210,0,1924,0,6015 5th Ave NW,Seattle,WA 98107,high
1425000.0,2.0,2.5,2220,4000,2.0,0,0,3,2220,0,2000,0,1857 41st Ave E,Seattle,WA 98112,high
1735000.0,4.0,2.25,3040,5000,2.0,0,3,4,2080,960,1926,1993,3907 47th Ave NE,Seattle,WA 98105,high
600000.0,2.0,1.0,1040,3600,1.0,0,0,4,1040,0,1919,1980,122 16th Ave E,Seattle,WA 98112,high
2384000.0,5.0,2.5,3650,9050,2.0,0,4,5,3370,280,1921,0,709 W Blaine St,Seattle,WA 98119,high
750000.0,3.0,2.5,2390,6550,1.0,0,2,4,1440,950,1955,2009,3628 59th Ave SW,Seattle,WA 98116,high
725000.0,4.0,2.75,2420,10962,1.0,0,0,3,1530,890,1977,2004,1301 141st Pl NE,Bellevue,WA 98007,high
400000.0,4.0,2.25,2230,7200,1.0,0,0,4,1300,930,1963,0,2357 N 187th St,Shoreline,WA 98133,high
218000.0,2.0,2.0,1310,2841,2.0,0,0,3,1310,0,2004,2003,28107 240th Ave SE,Maple Valley,WA 98038,low
326000.0,3.0,1.0,1030,9834,1.0,0,0,3,1030,0,1969,2010,13110 NE 193rd Pl,Woodinville,WA 98072,low
725000.0,6.0,3.0,3110,5000,1.5,0,0,5,1810,1300,1921,0,812 N 47th St,Seattle,WA 98103,high
290256.0,3.0,2.25,1720,7885,2.0,0,0,3,1720,0,1983,2009,32237 7th Ave SW,Federal Way,WA 98023,low
395000.0,4.0,3.0,1980,7931,1.0,0,0,4,1160,820,1983,0,16723 Corliss Pl N,Shoreline,WA 98133,high
